<?xml version="1.0" encoding="UTF-8" standalone="yes"?>
<addon id="repository.testrepo" name="[B][COLOR blue]Test[/COLOR] [COLOR yellow]Repo[/COLOR][/B]" version="1.0.0" provider-name="Test">
	<extension point="xbmc.addon.repository" name="[B][COLOR red]Test[/COLOR] [COLOR yellow]Repo[/COLOR][/B]">
        <info>https://raw.githubusercontent.com/Kpoodle/Testrepo/main/zips/addons.xml</info>
        <checksum>https://raw.githubusercontent.com/Kpoodle/Testrepo/main/zips/addons.xml.md5</checksum>
        <datadir zip="true">https://raw.githubusercontent.com/Kpoodle/Testrepo/main/zips/</datadir>
	</extension>
	<extension point="xbmc.addon.metadata">
		<summary></summary>
		<description></description>
		<platform>all</platform>
		<assets>
			<icon>icon.png</icon>
			<fanart>fanart.jpg</fanart>
		</assets>
	</extension>
</addon>